"","religion","income","freq"
"1"," Protestant ","<$10k",1068
"2"," Roman Catholic ","<$10k",418
"3"," Mormon (Church of Jesus Christ of Latter-day Saints/LDS) ","<$10k",29
"4"," Orthodox (Greek, Russian, or some other orthodox church) ","<$10k",13
"5"," Jewish (Judaism) ","<$10k",19
"6"," Muslim (Islam) ","<$10k",6
"7"," Buddhist ","<$10k",27
"8"," Hindu ","<$10k",1
"9"," Atheist (do not believe in God) ","<$10k",12
"10"," Agnostic (not sure if there is a God) ","<$10k",27
"11"," Nothing in particular ","<$10k",217
"12"," Christian (VOL) ","<$10k",24
"13"," Unitarian (Universalist) (VOL) ","<$10k",5
"14"," Mixed Christians (e.g., Catholic AND Protestant) (VOL) ","<$10k",0
"15"," Mixed Christian and non-Christian (VOL) ","<$10k",2
"16"," Messianic Jews (Jews for Jesus) (VOL) ","<$10k",1
"17"," Mixed non-Christians (VOL) ","<$10k",3
"18"," Hebrew Israelite/African Hebrew Israelites (VOL) ","<$10k",1
"19"," Bahai (VOL) ","<$10k",0
"20"," Native American Religions (VOL) ","<$10k",3
"21"," Shinto (VOL) ","<$10k",0
"22"," Tao (VOL) ","<$10k",1
"23"," Rastafarian (VOL) ","<$10k",1
"24"," Sikh (VOL) ","<$10k",0
"25"," Zoroastrianism (VOL) ","<$10k",0
"26"," Siddhayoga (VOL) ","<$10k",0
"27"," New Age (VOL) ","<$10k",0
"28"," Wica (Wiccan) (VOL) ","<$10k",2
"29"," Pagan (VOL) ","<$10k",4
"30"," Humanist (VOL) ","<$10k",0
"31"," Scientology (VOL) ","<$10k",1
"32"," Deist (VOL) ","<$10k",0
"33"," Eclectic, a bit of everything, own beliefs (VOL) ","<$10k",0
"34"," New Thought (VOL) ","<$10k",0
"35"," Theosophy (VOL) ","<$10k",0
"36"," Pantheist (VOL) ","<$10k",1
"37"," Spiritual but not religious (VOL) ","<$10k",3
"38"," Liberal faith (VOL) ","<$10k",0
"39"," Asatru (Old Norse form of Paganism) (VOL) ","<$10k",0
"40"," Druid (VOL) ","<$10k",0
"41"," Transcendental meditation/Meditation (VOL) ","<$10k",0
"42"," Shamanism (non-Western) (VOL) ","<$10k",0
"43"," Eckankar (VOL) ","<$10k",1
"44"," Self realization (VOL) ","<$10k",0
"45"," Satanism (VOL) ","<$10k",0
"46"," Animism (VOL) ","<$10k",0
"47"," New Apostolic Church (VOL) ","<$10k",0
"48"," Nihilist (VOL) ","<$10k",0
"49"," Armenian Catholic (VOL) ","<$10k",0
"50"," Greek rite Catholic (VOL) ","<$10k",0
"51"," Maronite Catholic (VOL) ","<$10k",0
"52"," National Catholic; Polish National Catholic (VOL) ","<$10k",0
"53"," Old Catholic (VOL) ","<$10k",0
"54"," Not Interpretable ","<$10k",3
"55"," Don’t know/Refused (VOL) ","<$10k",12
"56"," Christian Scientists (VOL) ","<$10k",1
"57"," Religious science (VOL) ","<$10k",0
"58"," Spiritualist (VOL) ","<$10k",1
"59"," Unity; Unity Church Christ Church Unity (VOL) ","<$10k",3
"60"," Metaphysical (VOL) ","<$10k",0
"61"," Indian Shaker Church (VOL) ","<$10k",0
"62"," Unification Church (Moonies) (VOL) ","<$10k",0
"63"," Jehovah’s Witness (VOL) ","<$10k",20
"64"," International Bible Students (VOL) ","<$10k",0
"65"," Lutheran Orthodox Church/The Catholic Church - Lutheran Rite (VOL) ","<$10k",0
"66"," Protestant ","$10-20k",1563
"67"," Roman Catholic ","$10-20k",617
"68"," Mormon (Church of Jesus Christ of Latter-day Saints/LDS) ","$10-20k",40
"69"," Orthodox (Greek, Russian, or some other orthodox church) ","$10-20k",17
"70"," Jewish (Judaism) ","$10-20k",19
"71"," Muslim (Islam) ","$10-20k",7
"72"," Buddhist ","$10-20k",21
"73"," Hindu ","$10-20k",9
"74"," Atheist (do not believe in God) ","$10-20k",27
"75"," Agnostic (not sure if there is a God) ","$10-20k",34
"76"," Nothing in particular ","$10-20k",299
"77"," Christian (VOL) ","$10-20k",45
"78"," Unitarian (Universalist) (VOL) ","$10-20k",7
"79"," Mixed Christians (e.g., Catholic AND Protestant) (VOL) ","$10-20k",0
"80"," Mixed Christian and non-Christian (VOL) ","$10-20k",0
"81"," Messianic Jews (Jews for Jesus) (VOL) ","$10-20k",1
"82"," Mixed non-Christians (VOL) ","$10-20k",0
"83"," Hebrew Israelite/African Hebrew Israelites (VOL) ","$10-20k",0
"84"," Bahai (VOL) ","$10-20k",1
"85"," Native American Religions (VOL) ","$10-20k",4
"86"," Shinto (VOL) ","$10-20k",1
"87"," Tao (VOL) ","$10-20k",0
"88"," Rastafarian (VOL) ","$10-20k",0
"89"," Sikh (VOL) ","$10-20k",0
"90"," Zoroastrianism (VOL) ","$10-20k",0
"91"," Siddhayoga (VOL) ","$10-20k",0
"92"," New Age (VOL) ","$10-20k",0
"93"," Wica (Wiccan) (VOL) ","$10-20k",4
"94"," Pagan (VOL) ","$10-20k",8
"95"," Humanist (VOL) ","$10-20k",1
"96"," Scientology (VOL) ","$10-20k",0
"97"," Deist (VOL) ","$10-20k",2
"98"," Eclectic, a bit of everything, own beliefs (VOL) ","$10-20k",2
"99"," New Thought (VOL) ","$10-20k",0
"100"," Theosophy (VOL) ","$10-20k",0
"101"," Pantheist (VOL) ","$10-20k",0
"102"," Spiritual but not religious (VOL) ","$10-20k",4
"103"," Liberal faith (VOL) ","$10-20k",0
"104"," Asatru (Old Norse form of Paganism) (VOL) ","$10-20k",1
"105"," Druid (VOL) ","$10-20k",0
"106"," Transcendental meditation/Meditation (VOL) ","$10-20k",0
"107"," Shamanism (non-Western) (VOL) ","$10-20k",0
"108"," Eckankar (VOL) ","$10-20k",0
"109"," Self realization (VOL) ","$10-20k",0
"110"," Satanism (VOL) ","$10-20k",0
"111"," Animism (VOL) ","$10-20k",0
"112"," New Apostolic Church (VOL) ","$10-20k",2
"113"," Nihilist (VOL) ","$10-20k",0
"114"," Armenian Catholic (VOL) ","$10-20k",0
"115"," Greek rite Catholic (VOL) ","$10-20k",0
"116"," Maronite Catholic (VOL) ","$10-20k",0
"117"," National Catholic; Polish National Catholic (VOL) ","$10-20k",0
"118"," Old Catholic (VOL) ","$10-20k",0
"119"," Not Interpretable ","$10-20k",5
"120"," Don’t know/Refused (VOL) ","$10-20k",9
"121"," Christian Scientists (VOL) ","$10-20k",0
"122"," Religious science (VOL) ","$10-20k",1
"123"," Spiritualist (VOL) ","$10-20k",1
"124"," Unity; Unity Church Christ Church Unity (VOL) ","$10-20k",2
"125"," Metaphysical (VOL) ","$10-20k",0
"126"," Indian Shaker Church (VOL) ","$10-20k",0
"127"," Unification Church (Moonies) (VOL) ","$10-20k",0
"128"," Jehovah’s Witness (VOL) ","$10-20k",27
"129"," International Bible Students (VOL) ","$10-20k",0
"130"," Lutheran Orthodox Church/The Catholic Church - Lutheran Rite (VOL) ","$10-20k",0
"131"," Protestant ","$20-30k",1869
"132"," Roman Catholic ","$20-30k",732
"133"," Mormon (Church of Jesus Christ of Latter-day Saints/LDS) ","$20-30k",48
"134"," Orthodox (Greek, Russian, or some other orthodox church) ","$20-30k",23
"135"," Jewish (Judaism) ","$20-30k",25
"136"," Muslim (Islam) ","$20-30k",9
"137"," Buddhist ","$20-30k",30
"138"," Hindu ","$20-30k",7
"139"," Atheist (do not believe in God) ","$20-30k",37
"140"," Agnostic (not sure if there is a God) ","$20-30k",60
"141"," Nothing in particular ","$20-30k",374
"142"," Christian (VOL) ","$20-30k",50
"143"," Unitarian (Universalist) (VOL) ","$20-30k",10
"144"," Mixed Christians (e.g., Catholic AND Protestant) (VOL) ","$20-30k",2
"145"," Mixed Christian and non-Christian (VOL) ","$20-30k",0
"146"," Messianic Jews (Jews for Jesus) (VOL) ","$20-30k",2
"147"," Mixed non-Christians (VOL) ","$20-30k",0
"148"," Hebrew Israelite/African Hebrew Israelites (VOL) ","$20-30k",0
"149"," Bahai (VOL) ","$20-30k",1
"150"," Native American Religions (VOL) ","$20-30k",4
"151"," Shinto (VOL) ","$20-30k",0
"152"," Tao (VOL) ","$20-30k",0
"153"," Rastafarian (VOL) ","$20-30k",1
"154"," Sikh (VOL) ","$20-30k",0
"155"," Zoroastrianism (VOL) ","$20-30k",1
"156"," Siddhayoga (VOL) ","$20-30k",0
"157"," New Age (VOL) ","$20-30k",0
"158"," Wica (Wiccan) (VOL) ","$20-30k",6
"159"," Pagan (VOL) ","$20-30k",7
"160"," Humanist (VOL) ","$20-30k",0
"161"," Scientology (VOL) ","$20-30k",0
"162"," Deist (VOL) ","$20-30k",2
"163"," Eclectic, a bit of everything, own beliefs (VOL) ","$20-30k",1
"164"," New Thought (VOL) ","$20-30k",0
"165"," Theosophy (VOL) ","$20-30k",1
"166"," Pantheist (VOL) ","$20-30k",1
"167"," Spiritual but not religious (VOL) ","$20-30k",5
"168"," Liberal faith (VOL) ","$20-30k",3
"169"," Asatru (Old Norse form of Paganism) (VOL) ","$20-30k",0
"170"," Druid (VOL) ","$20-30k",0
"171"," Transcendental meditation/Meditation (VOL) ","$20-30k",0
"172"," Shamanism (non-Western) (VOL) ","$20-30k",0
"173"," Eckankar (VOL) ","$20-30k",0
"174"," Self realization (VOL) ","$20-30k",0
"175"," Satanism (VOL) ","$20-30k",0
"176"," Animism (VOL) ","$20-30k",0
"177"," New Apostolic Church (VOL) ","$20-30k",0
"178"," Nihilist (VOL) ","$20-30k",0
"179"," Armenian Catholic (VOL) ","$20-30k",0
"180"," Greek rite Catholic (VOL) ","$20-30k",0
"181"," Maronite Catholic (VOL) ","$20-30k",0
"182"," National Catholic; Polish National Catholic (VOL) ","$20-30k",0
"183"," Old Catholic (VOL) ","$20-30k",0
"184"," Not Interpretable ","$20-30k",1
"185"," Don’t know/Refused (VOL) ","$20-30k",14
"186"," Christian Scientists (VOL) ","$20-30k",1
"187"," Religious science (VOL) ","$20-30k",1
"188"," Spiritualist (VOL) ","$20-30k",1
"189"," Unity; Unity Church Christ Church Unity (VOL) ","$20-30k",3
"190"," Metaphysical (VOL) ","$20-30k",0
"191"," Indian Shaker Church (VOL) ","$20-30k",1
"192"," Unification Church (Moonies) (VOL) ","$20-30k",0
"193"," Jehovah’s Witness (VOL) ","$20-30k",24
"194"," International Bible Students (VOL) ","$20-30k",0
"195"," Lutheran Orthodox Church/The Catholic Church - Lutheran Rite (VOL) ","$20-30k",0
"196"," Protestant ","$30-40k",1831
"197"," Roman Catholic ","$30-40k",670
"198"," Mormon (Church of Jesus Christ of Latter-day Saints/LDS) ","$30-40k",51
"199"," Orthodox (Greek, Russian, or some other orthodox church) ","$30-40k",32
"200"," Jewish (Judaism) ","$30-40k",25
"201"," Muslim (Islam) ","$30-40k",10
"202"," Buddhist ","$30-40k",34
"203"," Hindu ","$30-40k",9
"204"," Atheist (do not believe in God) ","$30-40k",52
"205"," Agnostic (not sure if there is a God) ","$30-40k",81
"206"," Nothing in particular ","$30-40k",365
"207"," Christian (VOL) ","$30-40k",44
"208"," Unitarian (Universalist) (VOL) ","$30-40k",9
"209"," Mixed Christians (e.g., Catholic AND Protestant) (VOL) ","$30-40k",0
"210"," Mixed Christian and non-Christian (VOL) ","$30-40k",0
"211"," Messianic Jews (Jews for Jesus) (VOL) ","$30-40k",2
"212"," Mixed non-Christians (VOL) ","$30-40k",1
"213"," Hebrew Israelite/African Hebrew Israelites (VOL) ","$30-40k",0
"214"," Bahai (VOL) ","$30-40k",2
"215"," Native American Religions (VOL) ","$30-40k",5
"216"," Shinto (VOL) ","$30-40k",0
"217"," Tao (VOL) ","$30-40k",1
"218"," Rastafarian (VOL) ","$30-40k",0
"219"," Sikh (VOL) ","$30-40k",0
"220"," Zoroastrianism (VOL) ","$30-40k",0
"221"," Siddhayoga (VOL) ","$30-40k",0
"222"," New Age (VOL) ","$30-40k",0
"223"," Wica (Wiccan) (VOL) ","$30-40k",3
"224"," Pagan (VOL) ","$30-40k",7
"225"," Humanist (VOL) ","$30-40k",1
"226"," Scientology (VOL) ","$30-40k",1
"227"," Deist (VOL) ","$30-40k",3
"228"," Eclectic, a bit of everything, own beliefs (VOL) ","$30-40k",4
"229"," New Thought (VOL) ","$30-40k",0
"230"," Theosophy (VOL) ","$30-40k",0
"231"," Pantheist (VOL) ","$30-40k",0
"232"," Spiritual but not religious (VOL) ","$30-40k",8
"233"," Liberal faith (VOL) ","$30-40k",3
"234"," Asatru (Old Norse form of Paganism) (VOL) ","$30-40k",0
"235"," Druid (VOL) ","$30-40k",0
"236"," Transcendental meditation/Meditation (VOL) ","$30-40k",1
"237"," Shamanism (non-Western) (VOL) ","$30-40k",0
"238"," Eckankar (VOL) ","$30-40k",0
"239"," Self realization (VOL) ","$30-40k",0
"240"," Satanism (VOL) ","$30-40k",1
"241"," Animism (VOL) ","$30-40k",0
"242"," New Apostolic Church (VOL) ","$30-40k",0
"243"," Nihilist (VOL) ","$30-40k",0
"244"," Armenian Catholic (VOL) ","$30-40k",0
"245"," Greek rite Catholic (VOL) ","$30-40k",0
"246"," Maronite Catholic (VOL) ","$30-40k",0
"247"," National Catholic; Polish National Catholic (VOL) ","$30-40k",0
"248"," Old Catholic (VOL) ","$30-40k",0
"249"," Not Interpretable ","$30-40k",1
"250"," Don’t know/Refused (VOL) ","$30-40k",10
"251"," Christian Scientists (VOL) ","$30-40k",2
"252"," Religious science (VOL) ","$30-40k",3
"253"," Spiritualist (VOL) ","$30-40k",2
"254"," Unity; Unity Church Christ Church Unity (VOL) ","$30-40k",3
"255"," Metaphysical (VOL) ","$30-40k",1
"256"," Indian Shaker Church (VOL) ","$30-40k",0
"257"," Unification Church (Moonies) (VOL) ","$30-40k",0
"258"," Jehovah’s Witness (VOL) ","$30-40k",24
"259"," International Bible Students (VOL) ","$30-40k",0
"260"," Lutheran Orthodox Church/The Catholic Church - Lutheran Rite (VOL) ","$30-40k",0
"261"," Protestant ","$40-50k",1682
"262"," Roman Catholic ","$40-50k",638
"263"," Mormon (Church of Jesus Christ of Latter-day Saints/LDS) ","$40-50k",56
"264"," Orthodox (Greek, Russian, or some other orthodox church) ","$40-50k",32
"265"," Jewish (Judaism) ","$40-50k",30
"266"," Muslim (Islam) ","$40-50k",9
"267"," Buddhist ","$40-50k",33
"268"," Hindu ","$40-50k",11
"269"," Atheist (do not believe in God) ","$40-50k",35
"270"," Agnostic (not sure if there is a God) ","$40-50k",76
"271"," Nothing in particular ","$40-50k",341
"272"," Christian (VOL) ","$40-50k",47
"273"," Unitarian (Universalist) (VOL) ","$40-50k",15
"274"," Mixed Christians (e.g., Catholic AND Protestant) (VOL) ","$40-50k",2
"275"," Mixed Christian and non-Christian (VOL) ","$40-50k",0
"276"," Messianic Jews (Jews for Jesus) (VOL) ","$40-50k",3
"277"," Mixed non-Christians (VOL) ","$40-50k",1
"278"," Hebrew Israelite/African Hebrew Israelites (VOL) ","$40-50k",0
"279"," Bahai (VOL) ","$40-50k",0
"280"," Native American Religions (VOL) ","$40-50k",4
"281"," Shinto (VOL) ","$40-50k",0
"282"," Tao (VOL) ","$40-50k",1
"283"," Rastafarian (VOL) ","$40-50k",0
"284"," Sikh (VOL) ","$40-50k",0
"285"," Zoroastrianism (VOL) ","$40-50k",0
"286"," Siddhayoga (VOL) ","$40-50k",0
"287"," New Age (VOL) ","$40-50k",0
"288"," Wica (Wiccan) (VOL) ","$40-50k",3
"289"," Pagan (VOL) ","$40-50k",2
"290"," Humanist (VOL) ","$40-50k",0
"291"," Scientology (VOL) ","$40-50k",0
"292"," Deist (VOL) ","$40-50k",2
"293"," Eclectic, a bit of everything, own beliefs (VOL) ","$40-50k",3
"294"," New Thought (VOL) ","$40-50k",1
"295"," Theosophy (VOL) ","$40-50k",0
"296"," Pantheist (VOL) ","$40-50k",0
"297"," Spiritual but not religious (VOL) ","$40-50k",10
"298"," Liberal faith (VOL) ","$40-50k",5
"299"," Asatru (Old Norse form of Paganism) (VOL) ","$40-50k",0
"300"," Druid (VOL) ","$40-50k",2
"301"," Transcendental meditation/Meditation (VOL) ","$40-50k",1
"302"," Shamanism (non-Western) (VOL) ","$40-50k",0
"303"," Eckankar (VOL) ","$40-50k",1
"304"," Self realization (VOL) ","$40-50k",0
"305"," Satanism (VOL) ","$40-50k",0
"306"," Animism (VOL) ","$40-50k",0
"307"," New Apostolic Church (VOL) ","$40-50k",1
"308"," Nihilist (VOL) ","$40-50k",0
"309"," Armenian Catholic (VOL) ","$40-50k",0
"310"," Greek rite Catholic (VOL) ","$40-50k",0
"311"," Maronite Catholic (VOL) ","$40-50k",0
"312"," National Catholic; Polish National Catholic (VOL) ","$40-50k",0
"313"," Old Catholic (VOL) ","$40-50k",0
"314"," Not Interpretable ","$40-50k",1
"315"," Don’t know/Refused (VOL) ","$40-50k",9
"316"," Christian Scientists (VOL) ","$40-50k",3
"317"," Religious science (VOL) ","$40-50k",0
"318"," Spiritualist (VOL) ","$40-50k",2
"319"," Unity; Unity Church Christ Church Unity (VOL) ","$40-50k",1
"320"," Metaphysical (VOL) ","$40-50k",0
"321"," Indian Shaker Church (VOL) ","$40-50k",0
"322"," Unification Church (Moonies) (VOL) ","$40-50k",1
"323"," Jehovah’s Witness (VOL) ","$40-50k",21
"324"," International Bible Students (VOL) ","$40-50k",0
"325"," Lutheran Orthodox Church/The Catholic Church - Lutheran Rite (VOL) ","$40-50k",0
"326"," Protestant ","$50-75k",2741
"327"," Roman Catholic ","$50-75k",1115
"328"," Mormon (Church of Jesus Christ of Latter-day Saints/LDS) ","$50-75k",112
"329"," Orthodox (Greek, Russian, or some other orthodox church) ","$50-75k",47
"330"," Jewish (Judaism) ","$50-75k",95
"331"," Muslim (Islam) ","$50-75k",23
"332"," Buddhist ","$50-75k",58
"333"," Hindu ","$50-75k",34
"334"," Atheist (do not believe in God) ","$50-75k",70
"335"," Agnostic (not sure if there is a God) ","$50-75k",137
"336"," Nothing in particular ","$50-75k",528
"337"," Christian (VOL) ","$50-75k",75
"338"," Unitarian (Universalist) (VOL) ","$50-75k",23
"339"," Mixed Christians (e.g., Catholic AND Protestant) (VOL) ","$50-75k",0
"340"," Mixed Christian and non-Christian (VOL) ","$50-75k",1
"341"," Messianic Jews (Jews for Jesus) (VOL) ","$50-75k",0
"342"," Mixed non-Christians (VOL) ","$50-75k",1
"343"," Hebrew Israelite/African Hebrew Israelites (VOL) ","$50-75k",0
"344"," Bahai (VOL) ","$50-75k",2
"345"," Native American Religions (VOL) ","$50-75k",4
"346"," Shinto (VOL) ","$50-75k",0
"347"," Tao (VOL) ","$50-75k",1
"348"," Rastafarian (VOL) ","$50-75k",1
"349"," Sikh (VOL) ","$50-75k",1
"350"," Zoroastrianism (VOL) ","$50-75k",0
"351"," Siddhayoga (VOL) ","$50-75k",1
"352"," New Age (VOL) ","$50-75k",2
"353"," Wica (Wiccan) (VOL) ","$50-75k",7
"354"," Pagan (VOL) ","$50-75k",5
"355"," Humanist (VOL) ","$50-75k",0
"356"," Scientology (VOL) ","$50-75k",1
"357"," Deist (VOL) ","$50-75k",1
"358"," Eclectic, a bit of everything, own beliefs (VOL) ","$50-75k",3
"359"," New Thought (VOL) ","$50-75k",0
"360"," Theosophy (VOL) ","$50-75k",0
"361"," Pantheist (VOL) ","$50-75k",3
"362"," Spiritual but not religious (VOL) ","$50-75k",11
"363"," Liberal faith (VOL) ","$50-75k",2
"364"," Asatru (Old Norse form of Paganism) (VOL) ","$50-75k",0
"365"," Druid (VOL) ","$50-75k",0
"366"," Transcendental meditation/Meditation (VOL) ","$50-75k",1
"367"," Shamanism (non-Western) (VOL) ","$50-75k",0
"368"," Eckankar (VOL) ","$50-75k",0
"369"," Self realization (VOL) ","$50-75k",0
"370"," Satanism (VOL) ","$50-75k",0
"371"," Animism (VOL) ","$50-75k",0
"372"," New Apostolic Church (VOL) ","$50-75k",0
"373"," Nihilist (VOL) ","$50-75k",0
"374"," Armenian Catholic (VOL) ","$50-75k",0
"375"," Greek rite Catholic (VOL) ","$50-75k",0
"376"," Maronite Catholic (VOL) ","$50-75k",0
"377"," National Catholic; Polish National Catholic (VOL) ","$50-75k",0
"378"," Old Catholic (VOL) ","$50-75k",1
"379"," Not Interpretable ","$50-75k",3
"380"," Don’t know/Refused (VOL) ","$50-75k",32
"381"," Christian Scientists (VOL) ","$50-75k",1
"382"," Religious science (VOL) ","$50-75k",4
"383"," Spiritualist (VOL) ","$50-75k",4
"384"," Unity; Unity Church Christ Church Unity (VOL) ","$50-75k",2
"385"," Metaphysical (VOL) ","$50-75k",2
"386"," Indian Shaker Church (VOL) ","$50-75k",0
"387"," Unification Church (Moonies) (VOL) ","$50-75k",0
"388"," Jehovah’s Witness (VOL) ","$50-75k",29
"389"," International Bible Students (VOL) ","$50-75k",1
"390"," Lutheran Orthodox Church/The Catholic Church - Lutheran Rite (VOL) ","$50-75k",0
"391"," Protestant ","$75-100k",1960
"392"," Roman Catholic ","$75-100k",947
"393"," Mormon (Church of Jesus Christ of Latter-day Saints/LDS) ","$75-100k",85
"394"," Orthodox (Greek, Russian, or some other orthodox church) ","$75-100k",38
"395"," Jewish (Judaism) ","$75-100k",69
"396"," Muslim (Islam) ","$75-100k",16
"397"," Buddhist ","$75-100k",62
"398"," Hindu ","$75-100k",47
"399"," Atheist (do not believe in God) ","$75-100k",73
"400"," Agnostic (not sure if there is a God) ","$75-100k",122
"401"," Nothing in particular ","$75-100k",407
"402"," Christian (VOL) ","$75-100k",59
"403"," Unitarian (Universalist) (VOL) ","$75-100k",20
"404"," Mixed Christians (e.g., Catholic AND Protestant) (VOL) ","$75-100k",1
"405"," Mixed Christian and non-Christian (VOL) ","$75-100k",5
"406"," Messianic Jews (Jews for Jesus) (VOL) ","$75-100k",1
"407"," Mixed non-Christians (VOL) ","$75-100k",0
"408"," Hebrew Israelite/African Hebrew Israelites (VOL) ","$75-100k",0
"409"," Bahai (VOL) ","$75-100k",0
"410"," Native American Religions (VOL) ","$75-100k",2
"411"," Shinto (VOL) ","$75-100k",0
"412"," Tao (VOL) ","$75-100k",1
"413"," Rastafarian (VOL) ","$75-100k",0
"414"," Sikh (VOL) ","$75-100k",1
"415"," Zoroastrianism (VOL) ","$75-100k",0
"416"," Siddhayoga (VOL) ","$75-100k",0
"417"," New Age (VOL) ","$75-100k",1
"418"," Wica (Wiccan) (VOL) ","$75-100k",7
"419"," Pagan (VOL) ","$75-100k",4
"420"," Humanist (VOL) ","$75-100k",1
"421"," Scientology (VOL) ","$75-100k",0
"422"," Deist (VOL) ","$75-100k",2
"423"," Eclectic, a bit of everything, own beliefs (VOL) ","$75-100k",0
"424"," New Thought (VOL) ","$75-100k",0
"425"," Theosophy (VOL) ","$75-100k",0
"426"," Pantheist (VOL) ","$75-100k",1
"427"," Spiritual but not religious (VOL) ","$75-100k",6
"428"," Liberal faith (VOL) ","$75-100k",1
"429"," Asatru (Old Norse form of Paganism) (VOL) ","$75-100k",0
"430"," Druid (VOL) ","$75-100k",0
"431"," Transcendental meditation/Meditation (VOL) ","$75-100k",0
"432"," Shamanism (non-Western) (VOL) ","$75-100k",1
"433"," Eckankar (VOL) ","$75-100k",0
"434"," Self realization (VOL) ","$75-100k",0
"435"," Satanism (VOL) ","$75-100k",0
"436"," Animism (VOL) ","$75-100k",0
"437"," New Apostolic Church (VOL) ","$75-100k",0
"438"," Nihilist (VOL) ","$75-100k",1
"439"," Armenian Catholic (VOL) ","$75-100k",0
"440"," Greek rite Catholic (VOL) ","$75-100k",0
"441"," Maronite Catholic (VOL) ","$75-100k",1
"442"," National Catholic; Polish National Catholic (VOL) ","$75-100k",1
"443"," Old Catholic (VOL) ","$75-100k",0
"444"," Not Interpretable ","$75-100k",2
"445"," Don’t know/Refused (VOL) ","$75-100k",19
"446"," Christian Scientists (VOL) ","$75-100k",1
"447"," Religious science (VOL) ","$75-100k",3
"448"," Spiritualist (VOL) ","$75-100k",3
"449"," Unity; Unity Church Christ Church Unity (VOL) ","$75-100k",3
"450"," Metaphysical (VOL) ","$75-100k",1
"451"," Indian Shaker Church (VOL) ","$75-100k",0
"452"," Unification Church (Moonies) (VOL) ","$75-100k",0
"453"," Jehovah’s Witness (VOL) ","$75-100k",15
"454"," International Bible Students (VOL) ","$75-100k",0
"455"," Lutheran Orthodox Church/The Catholic Church - Lutheran Rite (VOL) ","$75-100k",0
"456"," Protestant ","$100-150k",1511
"457"," Roman Catholic ","$100-150k",790
"458"," Mormon (Church of Jesus Christ of Latter-day Saints/LDS) ","$100-150k",49
"459"," Orthodox (Greek, Russian, or some other orthodox church) ","$100-150k",42
"460"," Jewish (Judaism) ","$100-150k",87
"461"," Muslim (Islam) ","$100-150k",8
"462"," Buddhist ","$100-150k",39
"463"," Hindu ","$100-150k",48
"464"," Atheist (do not believe in God) ","$100-150k",59
"465"," Agnostic (not sure if there is a God) ","$100-150k",109
"466"," Nothing in particular ","$100-150k",321
"467"," Christian (VOL) ","$100-150k",46
"468"," Unitarian (Universalist) (VOL) ","$100-150k",17
"469"," Mixed Christians (e.g., Catholic AND Protestant) (VOL) ","$100-150k",0
"470"," Mixed Christian and non-Christian (VOL) ","$100-150k",2
"471"," Messianic Jews (Jews for Jesus) (VOL) ","$100-150k",1
"472"," Mixed non-Christians (VOL) ","$100-150k",0
"473"," Hebrew Israelite/African Hebrew Israelites (VOL) ","$100-150k",0
"474"," Bahai (VOL) ","$100-150k",1
"475"," Native American Religions (VOL) ","$100-150k",2
"476"," Shinto (VOL) ","$100-150k",0
"477"," Tao (VOL) ","$100-150k",1
"478"," Rastafarian (VOL) ","$100-150k",0
"479"," Sikh (VOL) ","$100-150k",1
"480"," Zoroastrianism (VOL) ","$100-150k",0
"481"," Siddhayoga (VOL) ","$100-150k",0
"482"," New Age (VOL) ","$100-150k",1
"483"," Wica (Wiccan) (VOL) ","$100-150k",2
"484"," Pagan (VOL) ","$100-150k",1
"485"," Humanist (VOL) ","$100-150k",2
"486"," Scientology (VOL) ","$100-150k",0
"487"," Deist (VOL) ","$100-150k",2
"488"," Eclectic, a bit of everything, own beliefs (VOL) ","$100-150k",4
"489"," New Thought (VOL) ","$100-150k",1
"490"," Theosophy (VOL) ","$100-150k",0
"491"," Pantheist (VOL) ","$100-150k",1
"492"," Spiritual but not religious (VOL) ","$100-150k",4
"493"," Liberal faith (VOL) ","$100-150k",1
"494"," Asatru (Old Norse form of Paganism) (VOL) ","$100-150k",1
"495"," Druid (VOL) ","$100-150k",0
"496"," Transcendental meditation/Meditation (VOL) ","$100-150k",0
"497"," Shamanism (non-Western) (VOL) ","$100-150k",0
"498"," Eckankar (VOL) ","$100-150k",1
"499"," Self realization (VOL) ","$100-150k",0
"500"," Satanism (VOL) ","$100-150k",0
"501"," Animism (VOL) ","$100-150k",1
"502"," New Apostolic Church (VOL) ","$100-150k",0
"503"," Nihilist (VOL) ","$100-150k",0
"504"," Armenian Catholic (VOL) ","$100-150k",2
"505"," Greek rite Catholic (VOL) ","$100-150k",0
"506"," Maronite Catholic (VOL) ","$100-150k",0
"507"," National Catholic; Polish National Catholic (VOL) ","$100-150k",0
"508"," Old Catholic (VOL) ","$100-150k",0
"509"," Not Interpretable ","$100-150k",2
"510"," Don’t know/Refused (VOL) ","$100-150k",15
"511"," Christian Scientists (VOL) ","$100-150k",1
"512"," Religious science (VOL) ","$100-150k",3
"513"," Spiritualist (VOL) ","$100-150k",2
"514"," Unity; Unity Church Christ Church Unity (VOL) ","$100-150k",4
"515"," Metaphysical (VOL) ","$100-150k",1
"516"," Indian Shaker Church (VOL) ","$100-150k",0
"517"," Unification Church (Moonies) (VOL) ","$100-150k",0
"518"," Jehovah’s Witness (VOL) ","$100-150k",11
"519"," International Bible Students (VOL) ","$100-150k",0
"520"," Lutheran Orthodox Church/The Catholic Church - Lutheran Rite (VOL) ","$100-150k",0
"521"," Protestant ",">150k",1087
"522"," Roman Catholic ",">150k",633
"523"," Mormon (Church of Jesus Christ of Latter-day Saints/LDS) ",">150k",42
"524"," Orthodox (Greek, Russian, or some other orthodox church) ",">150k",46
"525"," Jewish (Judaism) ",">150k",151
"526"," Muslim (Islam) ",">150k",6
"527"," Buddhist ",">150k",53
"528"," Hindu ",">150k",54
"529"," Atheist (do not believe in God) ",">150k",74
"530"," Agnostic (not sure if there is a God) ",">150k",84
"531"," Nothing in particular ",">150k",258
"532"," Christian (VOL) ",">150k",39
"533"," Unitarian (Universalist) (VOL) ",">150k",21
"534"," Mixed Christians (e.g., Catholic AND Protestant) (VOL) ",">150k",0
"535"," Mixed Christian and non-Christian (VOL) ",">150k",5
"536"," Messianic Jews (Jews for Jesus) (VOL) ",">150k",0
"537"," Mixed non-Christians (VOL) ",">150k",0
"538"," Hebrew Israelite/African Hebrew Israelites (VOL) ",">150k",0
"539"," Bahai (VOL) ",">150k",2
"540"," Native American Religions (VOL) ",">150k",1
"541"," Shinto (VOL) ",">150k",0
"542"," Tao (VOL) ",">150k",1
"543"," Rastafarian (VOL) ",">150k",0
"544"," Sikh (VOL) ",">150k",0
"545"," Zoroastrianism (VOL) ",">150k",1
"546"," Siddhayoga (VOL) ",">150k",0
"547"," New Age (VOL) ",">150k",0
"548"," Wica (Wiccan) (VOL) ",">150k",1
"549"," Pagan (VOL) ",">150k",1
"550"," Humanist (VOL) ",">150k",0
"551"," Scientology (VOL) ",">150k",1
"552"," Deist (VOL) ",">150k",1
"553"," Eclectic, a bit of everything, own beliefs (VOL) ",">150k",4
"554"," New Thought (VOL) ",">150k",0
"555"," Theosophy (VOL) ",">150k",0
"556"," Pantheist (VOL) ",">150k",2
"557"," Spiritual but not religious (VOL) ",">150k",6
"558"," Liberal faith (VOL) ",">150k",2
"559"," Asatru (Old Norse form of Paganism) (VOL) ",">150k",0
"560"," Druid (VOL) ",">150k",0
"561"," Transcendental meditation/Meditation (VOL) ",">150k",1
"562"," Shamanism (non-Western) (VOL) ",">150k",0
"563"," Eckankar (VOL) ",">150k",0
"564"," Self realization (VOL) ",">150k",0
"565"," Satanism (VOL) ",">150k",0
"566"," Animism (VOL) ",">150k",0
"567"," New Apostolic Church (VOL) ",">150k",0
"568"," Nihilist (VOL) ",">150k",0
"569"," Armenian Catholic (VOL) ",">150k",0
"570"," Greek rite Catholic (VOL) ",">150k",0
"571"," Maronite Catholic (VOL) ",">150k",0
"572"," National Catholic; Polish National Catholic (VOL) ",">150k",0
"573"," Old Catholic (VOL) ",">150k",0
"574"," Not Interpretable ",">150k",3
"575"," Don’t know/Refused (VOL) ",">150k",15
"576"," Christian Scientists (VOL) ",">150k",3
"577"," Religious science (VOL) ",">150k",1
"578"," Spiritualist (VOL) ",">150k",1
"579"," Unity; Unity Church Christ Church Unity (VOL) ",">150k",1
"580"," Metaphysical (VOL) ",">150k",1
"581"," Indian Shaker Church (VOL) ",">150k",0
"582"," Unification Church (Moonies) (VOL) ",">150k",0
"583"," Jehovah’s Witness (VOL) ",">150k",6
"584"," International Bible Students (VOL) ",">150k",0
"585"," Lutheran Orthodox Church/The Catholic Church - Lutheran Rite (VOL) ",">150k",0
"586"," Protestant ","Don't know/refused",3041
"587"," Roman Catholic ","Don't know/refused",1487
"588"," Mormon (Church of Jesus Christ of Latter-day Saints/LDS) ","Don't know/refused",69
"589"," Orthodox (Greek, Russian, or some other orthodox church) ","Don't know/refused",73
"590"," Jewish (Judaism) ","Don't know/refused",162
"591"," Muslim (Islam) ","Don't know/refused",22
"592"," Buddhist ","Don't know/refused",54
"593"," Hindu ","Don't know/refused",37
"594"," Atheist (do not believe in God) ","Don't know/refused",76
"595"," Agnostic (not sure if there is a God) ","Don't know/refused",96
"596"," Nothing in particular ","Don't know/refused",597
"597"," Christian (VOL) ","Don't know/refused",155
"598"," Unitarian (Universalist) (VOL) ","Don't know/refused",27
"599"," Mixed Christians (e.g., Catholic AND Protestant) (VOL) ","Don't know/refused",1
"600"," Mixed Christian and non-Christian (VOL) ","Don't know/refused",1
"601"," Messianic Jews (Jews for Jesus) (VOL) ","Don't know/refused",0
"602"," Mixed non-Christians (VOL) ","Don't know/refused",1
"603"," Hebrew Israelite/African Hebrew Israelites (VOL) ","Don't know/refused",0
"604"," Bahai (VOL) ","Don't know/refused",0
"605"," Native American Religions (VOL) ","Don't know/refused",5
"606"," Shinto (VOL) ","Don't know/refused",1
"607"," Tao (VOL) ","Don't know/refused",0
"608"," Rastafarian (VOL) ","Don't know/refused",1
"609"," Sikh (VOL) ","Don't know/refused",1
"610"," Zoroastrianism (VOL) ","Don't know/refused",2
"611"," Siddhayoga (VOL) ","Don't know/refused",1
"612"," New Age (VOL) ","Don't know/refused",0
"613"," Wica (Wiccan) (VOL) ","Don't know/refused",4
"614"," Pagan (VOL) ","Don't know/refused",4
"615"," Humanist (VOL) ","Don't know/refused",1
"616"," Scientology (VOL) ","Don't know/refused",0
"617"," Deist (VOL) ","Don't know/refused",3
"618"," Eclectic, a bit of everything, own beliefs (VOL) ","Don't know/refused",7
"619"," New Thought (VOL) ","Don't know/refused",0
"620"," Theosophy (VOL) ","Don't know/refused",0
"621"," Pantheist (VOL) ","Don't know/refused",1
"622"," Spiritual but not religious (VOL) ","Don't know/refused",8
"623"," Liberal faith (VOL) ","Don't know/refused",7
"624"," Asatru (Old Norse form of Paganism) (VOL) ","Don't know/refused",0
"625"," Druid (VOL) ","Don't know/refused",2
"626"," Transcendental meditation/Meditation (VOL) ","Don't know/refused",0
"627"," Shamanism (non-Western) (VOL) ","Don't know/refused",1
"628"," Eckankar (VOL) ","Don't know/refused",1
"629"," Self realization (VOL) ","Don't know/refused",1
"630"," Satanism (VOL) ","Don't know/refused",0
"631"," Animism (VOL) ","Don't know/refused",0
"632"," New Apostolic Church (VOL) ","Don't know/refused",0
"633"," Nihilist (VOL) ","Don't know/refused",0
"634"," Armenian Catholic (VOL) ","Don't know/refused",0
"635"," Greek rite Catholic (VOL) ","Don't know/refused",1
"636"," Maronite Catholic (VOL) ","Don't know/refused",0
"637"," National Catholic; Polish National Catholic (VOL) ","Don't know/refused",1
"638"," Old Catholic (VOL) ","Don't know/refused",0
"639"," Not Interpretable ","Don't know/refused",1
"640"," Don’t know/Refused (VOL) ","Don't know/refused",115
"641"," Christian Scientists (VOL) ","Don't know/refused",3
"642"," Religious science (VOL) ","Don't know/refused",3
"643"," Spiritualist (VOL) ","Don't know/refused",2
"644"," Unity; Unity Church Christ Church Unity (VOL) ","Don't know/refused",4
"645"," Metaphysical (VOL) ","Don't know/refused",3
"646"," Indian Shaker Church (VOL) ","Don't know/refused",0
"647"," Unification Church (Moonies) (VOL) ","Don't know/refused",0
"648"," Jehovah’s Witness (VOL) ","Don't know/refused",36
"649"," International Bible Students (VOL) ","Don't know/refused",1
"650"," Lutheran Orthodox Church/The Catholic Church - Lutheran Rite (VOL) ","Don't know/refused",1
